Timestamp,Tank ID,pH,Temperature (Â°C),CO2 Timer (s)
2025-04-26 22:39,C01,7.6,23.4,59441152
2025-04-26 22:39,C02,7.6,23.3,309460992
2025-04-26 22:39,C03,7.7,23.8,625934336
2025-04-26 22:39,C04,8.1,23.4,625934336
2025-04-26 22:39,C08,8.4,23.9,625672192
2025-04-26 22:39,C09,7.5,23.4,74645504
2025-04-26 22:39,C10,8.3,23.8,625999872
2025-04-26 22:39,C12,8.1,23.3,627376128
2025-04-26 22:39,C13,10.4,23.6,0
2025-04-26 22:39,C14,11.2,23.5,627507200
2025-04-26 22:39,C15,8.3,23.2,627245056
2025-04-26 22:39,C16,8.5,23.2,627703808
2025-04-26 22:39,C17,8.4,26.1,0
2025-04-26 22:39,D01,9.7,24.5,627703808
2025-04-26 22:39,D02,10.2,30.7,627769344
2025-04-26 22:39,D03,9.9,29.5,627769344
2025-04-26 22:39,D04,10.1,29.6,627769344
2025-04-26 22:39,D06,7.5,24.4,513146880
2025-04-26 22:39,D07,8.2,23.2,629080064
2025-04-26 22:39,D08,8.4,23.3,629080064
2025-04-26 22:39,D09,8.1,23.4,629080064
2025-04-26 22:40,D10,8.3,23.3,629080064
2025-04-26 22:40,D11,8.8,33.1,629080064
2025-04-26 22:40,D12,7.7,23.2,629080064
2025-04-26 22:40,D13,8.2,23.6,629145600
2025-04-26 22:40,D14,8.1,23.4,629145600
2025-04-26 22:40,D15,8.6,23.6,628817920
2025-04-26 22:40,D16,8.1,22.8,629145600
2025-04-26 22:40,D17,7.6,23.6,0
2025-04-26 22:40,D18,8.2,23.5,629145600
2025-04-26 22:40,D19,8.5,23.8,629145600
2025-04-26 22:40,D20,7.6,23.6,28835840
2025-04-26 22:40,D21,10.9,28.5,629145600
2025-04-26 22:40,D22,12.4,40.8,628883456
2025-04-26 22:40,D23,10.1,28.4,629211136
2025-04-26 22:40,D24,10.5,36.7,629211136
2025-04-26 22:40,D25,8.2,23.3,629211136
2025-04-26 22:40,D26,7.5,23.3,92536832
2025-04-26 22:40,E01,9.8,30.3,0
2025-04-26 22:40,E02,0.9,29.3,0
2025-04-26 22:40,E06,12.9,35.8,629276672
2025-04-26 22:40,E07,11.7,41.6,628948992
2025-04-26 22:40,E08,15.0,38.3,0
2025-04-26 22:40,E09,9.6,40.1,629014528
2025-04-26 22:40,E10,12.0,34.8,629014528
2025-04-26 22:40,E11,14.9,35.1,0
2025-04-26 22:40,E12,10.5,36.7,629473280
2025-04-26 22:40,E14,-1.1,35.6,0
2025-04-26 22:40,I01,7.6,26.5,344588288
2025-04-26 22:40,M01,-0.2,128.6,0
2025-04-26 22:40,X01,7.5,20.9,23920640
2025-04-26 22:40,X02,7.5,22.8,59899904
2025-04-26 22:40,X03,7.4,23.7,0
2025-04-26 22:40,X04,7.1,23.3,0
04-27-2025 08:55,C01,7.4,23.8,69664768
04-27-2025 08:55,C02,7.4,23.6,349700096
04-27-2025 08:55,C03,7.6,22.9,678363136
04-27-2025 08:55,C04,8.1,23.7,689307648
04-27-2025 08:55,C08,8.4,23.8,688979968
04-27-2025 08:55,C09,7.5,23.7,83886080
04-27-2025 08:55,C10,8.3,23.4,689307648
04-27-2025 08:55,C11,8.4,23.1,374734848
04-27-2025 08:55,C12,8.1,23.5,689373184
04-27-2025 08:55,C13,10.4,23.8,0
04-27-2025 08:55,C14,11.2,23.1,689373184
04-27-2025 08:55,C15,8.3,23.5,689045504
04-27-2025 08:55,C16,8.3,23.4,689373184
04-27-2025 08:55,C17,8.5,26.4,0
04-27-2025 08:55,D01,9.7,25.2,689373184
04-27-2025 08:55,D02,10.3,31.7,689438720
04-27-2025 08:55,D03,9.9,30.5,689438720
04-27-2025 08:55,D04,10.1,30.4,689438720
04-27-2025 08:55,D06,7.6,24.6,513146880
04-27-2025 08:55,D07,8.2,23.4,690749440
04-27-2025 08:55,D08,8.4,23.5,690814976
04-27-2025 08:55,D09,8.1,23.7,690814976
04-27-2025 08:55,D10,8.3,23.6,690749440
04-27-2025 08:55,D11,8.8,34.5,690814976
04-27-2025 08:55,D12,7.6,23.5,690814976
04-27-2025 08:55,D13,8.3,24.0,690814976
04-27-2025 08:55,D14,8.1,23.6,690814976
04-27-2025 08:55,D15,8.7,23.9,690487296
04-27-2025 08:55,D16,8.0,22.9,690880512
04-27-2025 08:55,D17,7.7,23.9,49479680
04-27-2025 08:55,D18,8.2,23.7,690880512
04-27-2025 08:55,D19,8.6,23.9,690880512
04-27-2025 08:55,D20,7.5,23.9,33357824
04-27-2025 08:55,D21,10.9,29.3,690880512
04-27-2025 08:55,D22,12.4,43.0,690552832
04-27-2025 08:55,D23,10.2,29.1,690880512
04-27-2025 08:55,D24,10.4,39.2,690880512
04-27-2025 08:55,D25,8.2,23.6,690946048
04-27-2025 08:55,D26,7.4,23.5,105840640
04-27-2025 08:55,E01,9.9,31.8,0
04-27-2025 08:55,E02,0.9,29.8,0
04-27-2025 08:55,E06,12.9,34.9,690946048
04-27-2025 08:55,E07,11.7,40.4,690618368
04-27-2025 08:55,E08,15.0,39.1,0
04-27-2025 08:55,E09,9.6,37.2,690618368
04-27-2025 08:55,E10,11.9,31.8,690618368
04-27-2025 08:55,E11,14.9,30.3,0
04-27-2025 08:55,E12,10.5,38.2,691011584
04-27-2025 08:56,E14,-1.1,37.9,0
04-27-2025 08:56,I01,7.6,26.5,370016256
04-27-2025 08:56,M01,-0.2,52.8,0
04-27-2025 08:56,X01,7.5,21.0,27459584
04-27-2025 08:56,X02,7.4,23.1,76021760
04-27-2025 08:56,X03,7.5,23.9,0
04-27-2025 08:56,X04,7.1,23.5,0
05-03-2025 18:02,C02,7.4,22.8,1242038272
05-03-2025 18:02,C03,7.5,23.7,1446510592
05-03-2025 18:03,C08,8.5,23.2,-1461452800
05-03-2025 18:03,C09,7.5,23.1,732430336
05-03-2025 18:03,C10,8.8,23.3,-1463877632
05-03-2025 18:03,C11,8.7,22.8,-1131151360
05-03-2025 18:03,C12,8.4,22.8,1904017408
05-03-2025 18:03,C13,7.5,23.0,717291520
05-03-2025 18:03,C14,8.5,23.2,-1479081984
05-03-2025 18:03,C15,7.6,22.8,521076736
05-03-2025 18:03,C16,7.5,23.6,2035613696
05-03-2025 18:03,C17,7.6,23.1,475332608
05-03-2025 18:03,D01,7.5,23.6,1751187456
05-03-2025 18:03,D02,8.6,23.8,-1459879936
05-03-2025 18:03,D04,7.4,23.1,1875509248
05-03-2025 18:03,D06,7.8,28.0,-1459879936
05-03-2025 18:03,D07,8.6,23.6,-1459879936
05-03-2025 18:04,D09,8.6,23.5,-1459879936
05-03-2025 18:04,D10,8.8,23.2,-1464205312
05-03-2025 18:04,D12,7.6,23.1,1652293632
05-03-2025 18:04,D14,7.5,23.5,1248133120
05-03-2025 18:04,D15,7.6,23.4,1966866432
05-03-2025 18:04,D16,7.5,23.6,612433920
05-03-2025 18:04,D17,6.6,23.5,1603010560
05-03-2025 18:05,D19,11.1,29.0,-1484128256
05-03-2025 18:05,D21,8.4,23.8,-1463877632
05-03-2025 18:05,D22,7.5,22.9,1651245056
05-03-2025 18:05,D24,7.7,23.5,-1550057472
05-03-2025 18:06,E01,7.5,23.0,-1527840768
05-03-2025 18:06,E02,7.5,23.7,484573184
05-03-2025 18:06,E06,7.5,23.4,1736835072
05-03-2025 18:06,E07,7.6,23.3,1074855936
05-03-2025 18:06,E08,7.6,23.8,659357696
05-03-2025 18:06,E09,7.5,23.8,266338304
05-03-2025 18:06,E10,7.5,23.6,749404160
05-03-2025 18:06,E11,7.6,23.4,940703744
05-03-2025 18:06,E12,7.6,23.6,1948581888
05-03-2025 18:06,E13,7.4,23.1,1220083712
05-03-2025 18:06,E14,7.6,23.6,707461120
05-03-2025 18:06,I02,7.4,29.1,900136960
05-03-2025 18:06,I03,7.3,31.0,479985664
05-03-2025 18:06,X01,7.8,22.5,-1465253888
05-03-2025 18:06,X02,8.4,25.3,-1496842240
05-03-2025 18:06,X03,7.6,22.9,1855913984
05-03-2025 18:06,X04,8.2,23.4,-1465712640
05-03-2025 18:17,C01,7.6,23.7,24576000
05-03-2025 18:17,C02,7.5,22.8,1242038272
05-03-2025 18:17,C03,7.6,23.7,1446510592
05-03-2025 18:17,C04,7.5,23.4,1170997248
05-03-2025 18:17,C08,8.5,23.2,-1461452800
05-03-2025 18:17,C09,7.6,23.1,732430336
05-03-2025 18:17,C10,8.8,23.2,-1463877632
05-03-2025 18:17,C11,8.7,22.6,-1131151360
05-03-2025 18:17,C12,8.3,22.9,1904017408
05-03-2025 18:17,C13,7.6,23.1,717291520
05-03-2025 18:17,C14,8.5,23.3,-1479081984
05-03-2025 18:17,C15,7.7,22.7,521076736
05-03-2025 18:17,C16,7.7,23.6,2035613696
05-03-2025 18:17,C17,7.6,23.1,475332608
05-03-2025 18:17,D01,7.6,23.4,1751187456
05-03-2025 18:17,D02,8.6,23.7,-1459879936
05-03-2025 18:17,D03,7.6,22.8,1105657856
05-03-2025 18:17,D04,7.5,23.1,1875509248
05-03-2025 18:17,D07,8.6,23.6,-1459879936
05-03-2025 18:17,D08,8.9,23.2,-1463812096
05-03-2025 18:17,D09,8.6,23.6,-1459879936
05-03-2025 18:17,D10,8.8,23.1,-1464205312
05-03-2025 18:17,D12,7.6,23.1,1652293632
05-03-2025 18:18,D14,7.6,23.6,1248133120
05-03-2025 18:18,D15,7.6,23.4,1966866432
05-03-2025 18:18,D16,7.4,23.6,612433920
05-03-2025 18:18,D17,6.2,23.5,1603010560
05-03-2025 18:18,D21,8.4,23.7,-1463877632
05-03-2025 18:18,D22,7.5,22.9,1651245056
05-03-2025 18:18,D24,7.7,23.5,-1550057472
05-03-2025 18:19,E01,7.5,22.9,-1527840768
05-03-2025 18:19,E02,7.5,23.7,484573184
05-03-2025 18:19,E06,7.6,23.7,1736835072
05-03-2025 18:19,E07,7.7,23.3,1074855936
05-03-2025 18:19,E08,7.8,23.9,659357696
05-03-2025 18:19,E09,7.7,23.7,266338304
05-03-2025 18:19,E10,7.5,23.5,749404160
05-03-2025 18:19,E11,7.7,23.1,940703744
05-03-2025 18:19,E12,7.7,23.7,1948581888
05-03-2025 18:19,E13,7.6,23.1,1220083712
05-03-2025 18:19,E14,7.6,23.6,707461120
05-03-2025 18:26,C01,7.7,23.6,24576000
05-03-2025 18:26,C02,7.6,22.8,1242038272
05-03-2025 18:26,C03,7.6,23.7,1446510592
05-03-2025 18:26,C04,7.5,23.4,1170997248
05-03-2025 18:26,C08,8.5,23.3,-1461452800
05-03-2025 18:26,C09,7.7,23.1,732430336
05-03-2025 18:26,C10,8.8,23.1,-1463877632
05-03-2025 18:26,C11,8.7,22.6,-1131151360
05-03-2025 18:26,C12,8.3,22.9,1904017408
05-03-2025 18:26,C13,7.6,23.1,717291520
05-03-2025 18:26,C14,8.5,22.7,-1479081984
05-03-2025 18:26,C15,7.7,22.8,521076736
05-03-2025 18:26,C16,7.6,23.5,2035613696
05-03-2025 18:26,C17,7.6,23.0,475332608
05-03-2025 18:26,D01,7.6,23.3,1751187456
05-03-2025 18:26,D02,8.5,23.7,-1459879936
05-03-2025 18:26,D03,7.7,22.8,1105657856
05-03-2025 18:26,D04,7.6,23.1,1875509248
05-03-2025 18:26,D07,8.6,23.6,-1459879936
05-03-2025 18:26,D08,8.9,23.2,-1463812096
05-03-2025 18:26,D09,8.6,23.6,-1459879936
05-03-2025 18:26,D10,8.8,23.0,-1464205312
05-03-2025 18:26,D11,8.5,23.7,-1464008704
05-03-2025 18:26,D12,7.7,23.1,1652293632
05-03-2025 18:27,D14,7.6,23.6,1248133120
05-03-2025 18:27,D15,7.7,23.4,1966866432
05-03-2025 18:27,D16,7.4,23.6,612433920
05-03-2025 18:27,D17,5.9,23.5,1603010560
05-03-2025 18:27,D21,8.4,23.7,-1463877632
05-03-2025 18:27,D22,7.6,22.8,1651245056
05-03-2025 18:34,C01,7.7,23.5,24576000
05-03-2025 18:34,C02,7.6,22.8,1242038272
05-03-2025 18:34,C03,7.7,23.6,1446510592
05-03-2025 18:34,C04,7.6,23.3,1170997248
05-03-2025 18:34,C08,8.5,23.3,-1461452800
05-03-2025 18:34,C09,7.7,23.1,732430336
05-03-2025 18:34,C10,8.8,23.1,-1463877632
05-03-2025 18:34,C11,8.7,22.5,-1131151360
05-03-2025 18:34,C12,8.3,22.8,1904017408
05-03-2025 18:34,C13,7.6,23.1,717291520
05-03-2025 18:34,C14,8.5,23.4,-1479081984
05-03-2025 18:34,C15,7.7,22.7,521076736
05-03-2025 18:34,C16,7.8,23.5,2035613696
05-03-2025 18:34,C17,7.7,23.0,475332608
05-03-2025 18:34,D01,7.7,23.2,1751187456
05-03-2025 18:34,D02,8.5,23.6,-1459879936
05-03-2025 18:34,D03,7.7,22.7,1105657856
05-03-2025 18:34,D04,7.6,23.1,1875509248
05-03-2025 18:34,D07,8.6,23.6,-1459879936
05-03-2025 18:34,D08,8.9,23.2,-1463812096
05-03-2025 18:34,D09,8.6,23.5,-1459879936
05-03-2025 18:34,D10,8.8,23.0,-1464205312
05-03-2025 18:34,D11,8.5,23.7,-1464008704
05-03-2025 18:34,D12,7.7,23.1,1652293632
05-03-2025 18:34,D14,7.6,23.5,1248133120
05-03-2025 18:34,D15,7.7,23.4,1966866432
05-03-2025 18:34,D16,7.5,23.6,612433920
05-03-2025 18:34,D17,5.7,23.5,1603010560
05-03-2025 18:35,D21,8.4,23.7,-1463877632
05-03-2025 18:35,D22,7.6,22.7,1651245056
05-03-2025 18:35,D24,7.7,23.5,-1550057472
05-03-2025 18:43,C01,7.7,23.5,24576000
05-03-2025 18:43,C02,7.7,22.8,1242038272
05-03-2025 18:43,C03,7.7,23.6,1446510592
05-03-2025 18:43,C04,7.6,23.3,1170997248
05-03-2025 18:43,C08,8.5,23.2,-1461452800
05-03-2025 18:43,C09,7.7,23.1,732430336
05-03-2025 18:43,C10,8.8,23.0,-1463877632
05-03-2025 18:43,C11,8.7,22.4,-1131151360
05-03-2025 18:43,C12,8.3,22.8,1904017408
05-03-2025 18:43,C13,7.6,23.1,717291520
05-03-2025 18:43,C14,8.5,22.9,-1479081984
05-03-2025 18:43,C15,7.8,22.7,521076736
05-03-2025 18:43,C16,7.8,23.5,2035613696
05-03-2025 18:43,C17,7.7,23.0,475332608
05-03-2025 18:43,D01,7.7,23.2,1751187456
05-03-2025 18:43,D02,8.5,23.7,-1459879936
05-03-2025 18:43,D03,7.7,22.7,1105657856
05-03-2025 18:43,D04,7.6,23.2,1875509248
05-03-2025 18:43,D07,8.6,23.6,-1459879936
05-03-2025 18:43,D08,8.9,23.2,-1463812096
05-03-2025 18:43,D09,8.5,23.6,-1459879936
05-03-2025 18:43,D10,8.8,23.0,-1464205312
05-03-2025 18:43,D11,8.5,23.7,-1464008704
05-03-2025 18:43,D12,7.7,23.0,1652293632
05-03-2025 18:43,D14,7.6,23.6,1248133120
05-03-2025 18:43,D15,7.8,23.4,1966866432
05-03-2025 18:43,D16,7.4,23.6,612433920
05-03-2025 18:43,D17,5.4,23.5,1603010560
05-03-2025 18:44,D21,8.4,23.7,-1463877632
05-03-2025 18:44,D22,7.6,22.7,1651245056
05-03-2025 18:44,D24,7.8,23.5,-1550057472
05-03-2025 18:45,E01,7.6,22.7,-1527840768
05-03-2025 18:45,E02,7.6,23.7,484573184
05-03-2025 18:45,E06,7.6,23.5,1736835072
05-03-2025 18:45,E07,7.7,23.4,1074855936
05-03-2025 18:45,E08,8.0,23.0,659357696
05-03-2025 18:45,E09,7.8,23.7,266338304
05-03-2025 18:45,E10,7.6,23.4,749404160
05-03-2025 18:45,E11,7.8,23.2,940703744
05-03-2025 18:45,E12,7.8,23.9,1948581888
05-03-2025 18:45,E13,7.7,22.9,1220083712
05-03-2025 18:45,E14,7.7,23.7,707461120
05-03-2025 18:45,I02,7.5,29.1,927793152
05-03-2025 18:45,I03,7.4,31.0,479985664
05-03-2025 18:45,X01,7.8,23.5,-1465253888
05-03-2025 18:45,X02,8.4,24.0,-1496842240
05-03-2025 18:45,X03,7.7,22.8,1855913984
05-03-2025 18:45,X04,8.2,22.6,-1465712640
05-03-2025 18:58,C01,7.8,23.4,24576000
05-03-2025 18:58,C02,7.7,22.7,1242038272
05-03-2025 18:58,C03,7.7,23.6,1446510592
05-03-2025 18:58,C04,7.6,23.3,1170997248
05-03-2025 18:58,C08,8.5,23.3,-1461452800
05-03-2025 18:58,C09,7.7,23.1,732430336
05-03-2025 18:58,C10,8.7,23.0,-1463877632
05-03-2025 18:58,C11,8.7,22.4,-1131151360
05-03-2025 18:58,C12,8.3,22.8,1904017408
05-03-2025 18:58,C13,7.6,23.1,717291520
05-03-2025 18:58,C14,8.5,22.5,-1479081984
05-03-2025 18:58,C15,7.8,22.7,521076736
05-03-2025 18:58,C16,7.7,23.5,2035613696
05-03-2025 18:58,C17,7.7,22.9,475332608
05-03-2025 18:58,D01,7.7,23.1,1751187456
05-03-2025 18:58,D02,8.5,23.6,-1459879936
05-03-2025 18:58,D03,7.8,22.6,1105657856
05-03-2025 18:58,D04,7.7,23.2,1875509248
05-03-2025 18:58,D07,8.6,23.5,-1459879936
05-03-2025 18:58,D08,8.8,23.2,-1463812096
05-03-2025 18:58,D09,8.5,23.5,-1459879936
05-03-2025 18:58,D10,8.8,22.9,-1464205312
05-03-2025 18:58,D11,8.5,23.7,-1464008704
05-03-2025 18:58,D12,7.7,23.0,1652293632
05-03-2025 18:58,D14,7.6,23.6,1248133120
05-03-2025 18:58,D15,7.8,23.4,1966866432
05-03-2025 18:58,D16,7.3,23.6,612433920
05-03-2025 18:58,D17,5.1,23.6,1603010560
05-03-2025 18:59,D21,8.4,23.7,-1463877632
05-03-2025 18:59,D22,7.6,22.6,1651245056
05-03-2025 18:59,D24,7.8,23.5,-1550057472
05-03-2025 19:00,E01,7.6,22.6,-1527840768
05-03-2025 19:00,E02,7.6,23.6,484573184
05-03-2025 19:00,E06,7.7,23.5,1736835072
05-03-2025 19:00,E07,7.7,23.4,1074855936
05-03-2025 19:00,E08,8.0,23.3,659357696
05-03-2025 19:00,E09,7.7,23.6,266338304
05-03-2025 19:00,E10,7.6,23.3,749404160
05-03-2025 19:00,E11,7.8,23.2,940703744
05-03-2025 19:00,E12,7.8,23.8,1948581888
05-03-2025 19:00,E13,7.7,22.9,1220083712
05-03-2025 19:00,E14,7.6,23.7,707461120
05-03-2025 19:00,I02,7.4,29.1,942473216
05-03-2025 19:00,I03,7.5,31.1,479985664
05-03-2025 19:00,X01,7.8,22.7,-1465253888
05-03-2025 19:00,X02,8.4,24.4,-1496842240
05-03-2025 19:00,X03,7.7,22.9,1855913984
05-03-2025 19:00,X04,8.2,22.6,-1465712640
05-03-2025 19:13,C01,7.8,23.4,24576000
05-03-2025 19:13,C02,7.8,22.8,1242038272
05-03-2025 19:13,C03,7.7,23.5,1446510592
05-03-2025 19:13,C04,7.6,23.2,1170997248
05-03-2025 19:13,C08,8.5,23.3,-1461452800
05-03-2025 19:13,C09,7.8,23.0,732430336
05-03-2025 19:13,C10,8.7,22.9,-1463877632
05-03-2025 19:13,C11,8.7,22.4,-1131151360
05-03-2025 19:13,C12,8.3,22.8,1904017408
05-03-2025 19:13,C13,7.6,23.1,717291520
05-03-2025 19:13,C14,8.4,23.2,-1479081984
05-03-2025 19:13,C15,7.8,22.7,521076736
05-03-2025 19:13,C16,7.1,23.5,2035613696
05-03-2025 19:13,C17,7.7,22.8,475332608
05-03-2025 19:13,D01,7.8,23.1,1751187456
05-03-2025 19:13,D02,8.5,23.6,-1459879936
05-03-2025 19:13,D03,7.8,22.6,1105657856
05-03-2025 19:13,D04,7.7,23.2,1875509248
05-03-2025 19:13,D07,8.6,23.6,-1459879936
05-03-2025 19:13,D08,8.8,23.2,-1463812096
05-03-2025 19:13,D09,8.5,23.7,-1459879936
05-03-2025 19:13,D10,8.8,22.8,-1464205312
05-03-2025 19:13,D11,8.5,23.6,-1464008704
05-03-2025 19:13,D12,7.7,23.0,1652293632
05-03-2025 19:13,D14,7.6,23.6,1248133120
05-03-2025 19:13,D15,7.8,23.4,1966866432
05-03-2025 19:13,D16,7.3,23.6,612433920
05-03-2025 19:13,D17,5.0,23.6,1603010560
05-03-2025 19:14,D21,8.4,23.7,-1463877632
05-03-2025 19:14,D22,7.7,22.6,1651245056
05-03-2025 19:14,D24,7.8,23.5,-1550057472
05-03-2025 19:15,E01,7.6,22.5,-1527840768
05-03-2025 19:15,E02,7.6,23.6,484573184
05-03-2025 19:15,E06,7.6,23.0,1736835072
05-03-2025 19:15,E07,7.7,23.5,1074855936
05-03-2025 19:15,E08,8.0,23.3,659357696
05-03-2025 19:15,E09,7.8,23.6,266338304
05-03-2025 19:15,E10,7.6,23.4,749404160
05-03-2025 19:15,E11,7.8,23.2,940703744
05-03-2025 19:15,E12,7.8,23.9,1948581888
05-03-2025 19:15,E13,7.7,22.9,1220083712
05-03-2025 19:15,E14,7.6,23.8,707461120
05-03-2025 19:15,I02,7.4,29.1,957087744
05-03-2025 19:15,I03,7.6,31.1,479985664
05-03-2025 19:15,X01,7.8,23.1,-1465253888
05-03-2025 19:15,X02,8.4,24.6,-1496842240
05-03-2025 19:15,X04,8.2,23.9,-1465712640
05-03-2025 19:19,C04,7.6,23.2,1170997248
05-03-2025 19:19,C08,8.5,23.3,-1461452800
05-03-2025 19:19,C09,7.8,23.0,732430336
05-03-2025 19:19,C10,8.7,22.9,-1463877632
05-03-2025 19:19,C11,8.7,22.3,-1131151360
05-03-2025 19:19,C12,8.3,22.9,1904017408
05-03-2025 19:19,C13,7.6,23.1,717291520
05-03-2025 19:19,C14,8.5,22.7,-1479081984
05-03-2025 19:19,C15,7.8,22.7,521076736
05-03-2025 19:19,C16,7.9,23.4,2035613696
05-03-2025 19:19,C17,7.7,22.8,475332608
05-03-2025 19:19,D01,7.8,23.1,1751187456
05-03-2025 19:19,D02,8.5,23.6,-1459879936
05-03-2025 19:19,D03,7.8,22.6,1105657856
05-03-2025 19:19,D04,7.7,23.2,1875509248
05-03-2025 19:19,D07,8.6,23.6,-1459879936
05-03-2025 19:19,D08,8.8,23.2,-1463812096
05-03-2025 19:19,D09,8.5,23.5,-1459879936
05-03-2025 19:19,D10,8.8,22.8,-1464205312
05-03-2025 19:19,D11,8.5,23.6,-1464008704
05-03-2025 19:19,D12,7.7,23.0,1652293632
05-03-2025 19:20,D14,7.6,23.5,1248133120
05-03-2025 19:20,D15,7.9,23.4,1966866432
05-03-2025 19:20,D16,7.3,23.6,612433920
05-03-2025 19:20,D17,5.0,23.5,1603010560
05-03-2025 19:20,D21,8.4,23.6,-1463877632
05-03-2025 19:20,D22,7.7,22.6,1651245056
05-03-2025 19:20,D24,7.8,23.5,-1550057472
05-03-2025 19:29,C04,7.6,23.2,1170997248
05-03-2025 19:29,C08,8.5,23.3,-1461452800
05-03-2025 19:29,C09,7.8,23.0,732430336
05-03-2025 19:29,C10,8.7,22.9,-1463877632
05-03-2025 19:29,C11,8.7,22.3,-1131151360
05-03-2025 19:29,C12,8.3,22.8,1904017408
05-03-2025 19:29,C13,7.6,23.1,717291520
05-03-2025 19:29,C14,8.5,22.9,-1479081984
05-03-2025 19:29,C15,7.9,22.7,521076736
05-03-2025 19:29,C16,7.9,23.4,2035613696
05-03-2025 19:29,C17,7.7,22.8,475332608
05-03-2025 19:29,D01,7.8,23.1,1751187456
05-03-2025 19:29,D02,8.5,23.6,-1459879936
05-03-2025 19:29,D03,7.8,22.6,1105657856
05-03-2025 19:29,D04,7.7,23.2,1875509248
05-03-2025 19:29,D07,8.6,23.6,-1459879936
05-03-2025 19:29,D08,8.8,23.2,-1463812096
05-03-2025 19:29,D09,8.5,23.5,-1459879936
05-03-2025 19:29,D10,8.8,22.7,-1464205312
05-03-2025 19:29,D11,8.4,23.6,-1464008704
05-03-2025 19:29,D12,7.7,23.0,1652293632
05-03-2025 19:31,C02,7.8,22.7,1242038272
05-03-2025 19:31,C03,7.8,23.5,1446510592
05-03-2025 19:31,C04,7.7,23.2,1170997248
05-03-2025 19:31,C08,8.5,23.3,-1461452800
05-03-2025 19:31,C09,7.8,23.0,732430336
05-03-2025 19:31,C10,8.7,22.9,-1463877632
05-03-2025 19:31,C11,8.7,22.3,-1131151360
05-03-2025 19:31,C12,8.3,22.8,1904017408
05-03-2025 19:31,C13,7.6,23.1,717291520
05-03-2025 19:31,C14,8.5,22.9,-1479081984
05-03-2025 19:31,C15,7.8,22.6,521076736
05-03-2025 19:31,C16,7.8,23.4,2035613696
05-03-2025 19:31,C17,7.7,22.8,475332608
05-03-2025 19:31,D01,7.8,23.1,1751187456
05-03-2025 19:31,D02,8.5,23.6,-1459879936
05-03-2025 19:31,D03,7.8,22.6,1105657856
05-03-2025 19:31,D04,7.7,23.3,1875509248
05-03-2025 19:31,D07,8.6,23.6,-1459879936
05-03-2025 19:31,D08,8.8,23.1,-1463812096
05-03-2025 19:31,D09,8.5,23.5,-1459879936
05-03-2025 19:31,D10,8.8,22.8,-1464205312
05-03-2025 19:31,D11,8.4,23.6,-1464008704
05-03-2025 19:31,D12,7.7,23.0,1652293632
05-03-2025 19:36,C04,7.7,23.2,1170997248
05-03-2025 19:36,C08,8.5,23.3,-1461452800
05-03-2025 19:36,C09,7.8,23.0,732430336
05-03-2025 19:36,C10,8.7,22.9,-1463877632
05-03-2025 19:36,C11,8.7,22.2,-1131151360
05-03-2025 19:36,C12,8.3,22.8,1904017408
05-03-2025 19:36,C13,7.6,23.1,717291520
05-03-2025 19:36,C14,8.4,23.3,-1479081984
05-03-2025 19:36,C15,7.9,22.7,521076736
05-03-2025 19:36,C16,7.7,23.4,2035613696
05-03-2025 19:36,C17,7.7,22.8,475332608
05-03-2025 19:36,D01,7.8,23.1,1751187456
05-03-2025 19:36,D02,8.5,23.6,-1459879936
05-03-2025 19:36,D03,7.8,22.6,1105657856
05-03-2025 19:36,D04,7.7,23.2,1875509248
05-03-2025 19:36,D07,8.6,23.6,-1459879936
05-03-2025 19:36,D08,8.8,23.2,-1463812096
05-03-2025 19:36,D09,8.5,23.5,-1459879936
05-03-2025 19:36,D10,8.7,22.8,-1464205312
05-03-2025 19:36,D11,8.4,23.6,-1464008704
05-03-2025 19:36,D12,7.7,23.0,1652293632
05-03-2025 19:36,D14,7.7,23.6,1248133120
05-03-2025 19:36,D15,7.9,23.4,1966866432
05-03-2025 19:36,D16,7.3,23.6,612433920
05-03-2025 19:36,D17,5.0,23.6,1603010560
05-03-2025 19:42,C01,7.9,23.4,24576000
05-03-2025 19:42,C02,7.8,22.8,1242038272
05-03-2025 19:42,C03,7.8,23.5,1446510592
05-03-2025 19:42,C04,7.7,23.2,1170997248
05-03-2025 19:42,C08,8.5,23.3,-1461452800
05-03-2025 19:42,C09,7.8,23.0,732430336
05-03-2025 19:42,C10,8.7,22.9,-1463877632
05-03-2025 19:42,C11,8.7,22.3,-1131151360
05-03-2025 19:42,C12,8.3,22.9,1904017408
05-03-2025 19:42,C13,7.6,23.1,717291520
05-03-2025 19:42,C14,8.4,23.6,-1479081984
05-03-2025 19:42,C15,7.9,22.7,521076736
05-03-2025 19:42,C16,7.9,23.4,2035613696
05-03-2025 19:42,C17,7.7,22.8,475332608
05-03-2025 19:42,D01,7.8,23.1,1751187456
05-03-2025 19:42,D02,8.5,23.6,-1459879936
05-03-2025 19:42,D03,7.8,22.6,1105657856
05-03-2025 19:42,D04,7.7,23.2,1875509248
05-03-2025 19:42,D07,8.6,23.6,-1459879936
05-03-2025 19:42,D08,8.8,23.2,-1463812096
05-03-2025 19:42,D09,8.5,23.5,-1459879936
05-03-2025 19:42,D10,8.7,22.8,-1464205312
05-03-2025 19:42,D11,8.4,23.6,-1464008704
05-03-2025 19:42,D12,7.7,23.0,1652293632
05-03-2025 19:42,D14,7.7,23.6,1248133120
05-03-2025 19:42,D15,7.9,23.5,1966866432
05-03-2025 19:42,D16,7.3,23.6,612433920
05-03-2025 19:42,D17,5.0,23.6,1603010560
05-03-2025 19:42,D21,8.4,23.6,-1463877632
05-03-2025 19:42,D22,7.7,22.6,1651245056
05-03-2025 19:43,D24,7.8,23.5,-1550057472
05-03-2025 19:43,E01,7.6,22.4,-1527840768
05-03-2025 19:43,E02,7.7,23.5,484573184
05-03-2025 19:43,E06,7.7,23.2,1736835072
05-03-2025 19:43,E07,7.7,23.5,1074855936
05-03-2025 19:43,E08,8.0,23.4,659357696
05-03-2025 19:43,E09,7.7,23.6,266338304
05-03-2025 19:43,E10,7.6,23.4,749404160
05-03-2025 19:43,E11,7.8,23.1,940703744
05-03-2025 19:43,E12,7.8,23.9,1948581888
05-03-2025 19:43,E13,7.7,22.9,1220083712
05-03-2025 19:43,E14,7.6,23.8,707461120
05-03-2025 19:44,I02,7.6,29.1,971964416
05-03-2025 19:44,I03,7.3,31.1,490536960
05-03-2025 19:44,X01,7.8,23.8,-1465253888
05-03-2025 19:44,X02,8.4,24.0,-1496842240
05-03-2025 19:52,C01,7.9,23.4,24576000
05-03-2025 19:52,C02,7.8,22.8,1242038272
05-03-2025 19:52,C03,7.8,23.5,1446510592
05-03-2025 19:52,C04,7.7,23.2,1170997248
05-03-2025 19:52,C08,8.4,23.3,-1461452800
05-03-2025 19:52,C09,7.8,23.0,732430336
05-03-2025 19:52,C10,8.7,22.9,-1463877632
05-03-2025 19:52,C11,8.7,22.2,-1131151360
05-03-2025 19:52,C12,8.2,22.8,1904017408
05-03-2025 19:52,C13,7.6,23.1,717291520
05-03-2025 19:52,C14,8.4,23.1,-1479081984
05-03-2025 19:52,C15,7.9,22.6,521076736
05-03-2025 19:52,C16,7.9,23.4,2035613696
05-03-2025 19:52,C17,7.7,22.8,475332608
05-03-2025 19:52,D01,7.8,23.0,1751187456
05-03-2025 19:52,D02,8.5,23.5,-1459879936
05-03-2025 19:52,D03,7.9,22.6,1105657856
05-03-2025 19:52,D04,7.8,23.3,1875509248
05-03-2025 19:52,D07,8.6,23.6,-1459879936
05-03-2025 19:52,D08,8.8,23.2,-1463812096
05-03-2025 19:52,D09,8.5,23.5,-1459879936
05-03-2025 19:52,D10,8.7,22.7,-1464205312
05-03-2025 19:52,D11,8.4,23.6,-1464008704
05-03-2025 19:52,D12,7.7,23.0,1652293632
05-03-2025 19:55,C01,7.9,23.4,24576000
05-03-2025 19:55,C02,7.8,22.7,1242038272
05-03-2025 19:55,C03,7.8,23.5,1446510592
05-03-2025 19:55,C04,7.7,23.2,1170997248
05-03-2025 19:55,C08,8.4,23.3,-1461452800
05-03-2025 19:55,C09,7.8,23.0,732430336
05-03-2025 19:55,C10,8.7,22.9,-1463877632
05-03-2025 19:55,C11,8.7,22.3,-1131151360
05-03-2025 19:55,C12,8.2,22.9,1904017408
05-03-2025 19:55,C13,7.6,23.1,717291520
05-03-2025 19:55,C14,8.4,22.7,-1479081984
05-03-2025 19:55,C15,7.9,22.6,521076736
05-03-2025 19:55,C16,7.8,23.4,2035613696
05-03-2025 19:55,C17,7.7,22.8,475332608
05-03-2025 19:55,D01,7.8,23.0,1751187456
05-03-2025 19:55,D02,8.5,23.6,-1459879936
05-03-2025 19:55,D03,7.9,22.6,1105657856
05-03-2025 19:55,D04,7.8,23.3,1875509248
05-03-2025 19:55,D07,8.6,23.6,-1459879936
05-03-2025 19:55,D08,8.8,23.1,-1463812096
05-03-2025 19:55,D09,8.5,23.4,-1459879936
05-03-2025 19:55,D10,8.7,22.7,-1464205312
05-03-2025 19:55,D11,8.4,23.6,-1464008704
05-03-2025 19:55,D12,7.7,22.9,1652293632
05-03-2025 19:55,D14,7.7,23.6,1248133120
05-03-2025 19:55,D15,7.9,23.4,1966866432
05-03-2025 19:55,D16,7.3,23.6,612433920
05-03-2025 19:55,D17,5.0,23.5,1603010560
05-03-2025 20:04,C01,7.9,23.4,24576000
05-03-2025 20:04,C02,7.9,22.8,1242038272
05-03-2025 20:04,C03,7.8,23.5,1446510592
05-03-2025 20:04,C04,7.7,23.2,1170997248
05-03-2025 20:04,C08,8.4,23.3,-1461452800
05-03-2025 20:04,C09,7.8,23.0,732430336
05-03-2025 20:04,C10,8.7,22.9,-1463877632
05-03-2025 20:04,C11,8.7,22.3,-1131151360
05-03-2025 20:04,C12,8.2,22.9,1904017408
05-03-2025 20:04,C13,7.6,23.2,717291520
05-03-2025 20:04,C14,8.4,22.5,-1479081984
05-03-2025 20:04,C15,7.9,22.6,521076736
05-03-2025 20:04,C16,8.3,23.4,2035613696
05-03-2025 20:04,C17,7.7,22.8,475332608
05-03-2025 20:04,D01,7.8,23.0,1751187456
05-03-2025 20:04,D02,8.5,23.6,-1459879936
05-03-2025 20:04,D03,7.9,22.6,1105657856
05-03-2025 20:04,D04,7.8,23.2,1875509248
05-03-2025 20:04,D07,8.5,23.5,-1459879936
05-03-2025 20:04,D08,8.8,23.2,-1463812096
05-03-2025 20:04,D09,8.5,23.4,-1459879936
05-03-2025 20:04,D10,8.7,22.7,-1464205312
05-03-2025 20:04,D11,8.4,23.6,-1464008704
05-03-2025 20:04,D12,7.7,23.0,1652293632
05-03-2025 20:05,D14,7.7,23.5,1248133120
05-03-2025 20:05,D15,8.0,23.5,1966866432
05-03-2025 20:05,D16,7.3,23.6,612433920
05-03-2025 20:05,D17,5.0,23.6,1603010560
05-03-2025 20:05,D21,8.3,23.6,-1463877632
05-03-2025 20:05,D22,7.7,22.6,1651245056
05-03-2025 20:05,D24,7.8,23.5,-1550057472
05-03-2025 20:06,E01,7.6,22.4,-1527840768
05-03-2025 20:06,E02,7.7,23.5,484573184
05-03-2025 20:06,E06,7.7,23.3,1736835072
05-03-2025 20:06,E07,7.7,23.4,1074855936
05-03-2025 20:06,E08,8.0,23.4,659357696
05-03-2025 20:06,E09,7.7,23.6,266338304
05-03-2025 20:06,E10,7.5,23.3,749404160
05-03-2025 20:06,E11,7.8,23.1,940703744
05-03-2025 20:06,E12,7.8,24.0,1948581888
05-03-2025 20:06,E13,7.7,22.9,1220083712
05-03-2025 20:06,E14,7.6,23.8,707461120
05-03-2025 20:07,I02,7.5,29.1,992608256
05-03-2025 20:07,I03,7.4,31.2,490536960
05-03-2025 20:07,X01,7.8,22.9,-1465253888
05-03-2025 20:07,X02,8.4,24.4,-1496842240
05-03-2025 20:07,X03,7.7,22.8,1855913984
05-03-2025 20:07,X04,8.1,23.5,-1465712640
05-03-2025 20:15,C01,7.9,23.4,24576000
05-03-2025 20:15,C02,7.9,22.8,1242038272
05-03-2025 20:15,C03,7.8,23.5,1446510592
05-03-2025 20:15,C04,7.7,23.1,1170997248
05-03-2025 20:15,C08,8.4,23.3,-1461452800
05-03-2025 20:15,C09,7.8,23.0,732430336
05-03-2025 20:15,C10,8.7,22.9,-1463877632
05-03-2025 20:15,C11,8.7,22.2,-1131151360
05-03-2025 20:15,C12,8.2,22.8,1904017408
05-03-2025 20:15,C13,7.6,23.1,717291520
05-03-2025 20:15,C14,8.4,23.4,-1479081984
05-03-2025 20:15,C15,7.9,22.6,521076736
05-03-2025 20:15,C16,7.5,23.4,2035613696
05-03-2025 20:15,C17,7.7,22.8,475332608
05-03-2025 20:15,D01,7.8,23.0,1751187456
05-03-2025 20:15,D02,8.5,23.5,-1459879936
05-03-2025 20:15,D03,7.9,22.6,1105657856
05-03-2025 20:15,D04,7.8,23.2,1875509248
05-03-2025 20:15,D07,8.5,23.5,-1459879936
05-03-2025 20:15,D08,8.8,23.1,-1463812096
05-03-2025 20:15,D09,8.5,23.5,-1459879936
05-03-2025 20:15,D10,8.7,22.7,-1464205312
05-03-2025 20:15,D11,8.4,23.6,-1464008704
05-03-2025 20:15,D12,7.7,23.0,1652293632
05-03-2025 20:15,D14,7.7,23.6,1248133120
05-03-2025 20:15,D15,8.0,23.5,1966866432
05-03-2025 20:15,D16,7.3,23.5,612433920
05-03-2025 20:15,D17,5.1,23.6,1603010560
05-03-2025 20:15,D21,8.3,23.6,-1463877632
05-03-2025 20:15,D22,7.7,22.6,1651245056
05-03-2025 20:16,D24,7.8,23.5,-1550057472
05-03-2025 20:16,E01,7.6,22.4,-1527840768
05-03-2025 20:16,E02,7.7,23.5,484573184
05-03-2025 20:16,E06,7.7,23.4,1736835072
05-03-2025 20:16,E07,7.7,23.5,1074855936
05-03-2025 20:16,E08,8.0,23.4,659357696
05-03-2025 20:16,E09,7.7,23.6,266338304
05-03-2025 20:16,E10,7.5,23.4,749404160
05-03-2025 20:16,E11,7.8,23.1,940703744
05-03-2025 20:16,E12,7.8,22.9,1948581888
05-03-2025 20:16,E13,7.7,23.0,1220083712
05-03-2025 20:16,E14,7.6,23.8,707461120
05-03-2025 20:17,I02,7.5,29.1,1002045440
05-03-2025 20:17,I03,7.4,31.2,490536960
05-03-2025 20:17,X01,7.8,22.5,-1465253888
05-03-2025 20:17,X02,8.4,23.1,-1496842240
05-03-2025 20:17,X03,7.7,22.5,1855913984
05-03-2025 20:17,X04,8.1,23.2,-1465712640
05-03-2025 20:22,C01,7.9,23.4,24576000
05-03-2025 20:22,C02,7.9,22.7,1242038272
05-03-2025 20:22,C03,7.8,23.5,1446510592
05-03-2025 20:22,C04,7.7,23.2,1170997248
05-03-2025 20:22,C08,8.4,23.3,-1461452800
05-03-2025 20:22,C09,7.8,23.0,732430336
05-03-2025 20:22,C10,8.7,22.9,-1463877632
05-03-2025 20:22,C11,8.7,22.2,-1131151360
05-03-2025 20:22,C12,8.1,22.8,1904017408
05-03-2025 20:22,C13,7.6,23.1,717291520
05-03-2025 20:22,C14,8.4,23.3,-1479081984
05-03-2025 20:22,C15,7.9,22.6,521076736
05-03-2025 20:22,C16,8.1,23.4,2035613696
05-03-2025 20:22,C17,7.8,22.8,475332608
05-03-2025 20:22,D01,7.9,23.0,1751187456
05-03-2025 20:22,D02,8.5,23.5,-1459879936
05-03-2025 20:22,D03,7.9,22.6,1105657856
05-03-2025 20:22,D04,7.8,23.3,1875509248
05-03-2025 20:22,D07,8.5,23.5,-1459879936
05-03-2025 20:22,D08,8.8,23.2,-1463812096
05-03-2025 20:22,D09,8.5,23.5,-1459879936
05-03-2025 20:22,D10,8.7,22.6,-1464205312
05-03-2025 20:22,D11,8.4,23.6,-1464008704
05-03-2025 20:22,D12,7.7,22.9,1652293632
05-03-2025 20:22,D14,7.7,23.6,1248133120
05-03-2025 20:22,D15,8.0,23.4,1966866432
05-03-2025 20:22,D16,7.3,23.6,612433920
05-03-2025 20:22,D17,5.2,23.6,1603010560
05-03-2025 20:22,D21,8.3,23.6,-1463877632
05-03-2025 20:22,D22,7.7,22.6,1651245056
05-03-2025 20:23,D24,7.8,23.5,-1550057472
05-03-2025 20:23,E01,7.6,22.4,-1527840768
05-03-2025 20:23,E02,7.7,23.5,484573184
05-03-2025 20:23,E06,7.7,23.2,1736835072
05-03-2025 20:23,E07,7.7,23.5,1074855936
05-03-2025 20:23,E08,8.0,23.4,659357696
05-03-2025 20:23,E09,7.7,23.7,266338304
05-03-2025 20:23,E10,7.5,23.4,749404160
05-03-2025 20:23,E11,7.8,23.2,940703744
05-03-2025 20:23,E12,7.8,23.2,1948581888
05-03-2025 20:23,E13,7.7,22.9,1220083712
05-03-2025 20:23,E14,7.6,23.9,707461120
05-03-2025 20:24,I02,7.6,29.1,1003487232
05-03-2025 20:24,I03,7.4,31.2,490536960
05-03-2025 20:24,X01,7.8,22.3,-1465253888
05-03-2025 20:24,X02,8.4,23.6,-1496842240
05-03-2025 20:24,X03,7.7,22.8,1855913984
05-03-2025 20:24,X04,8.1,22.8,-1465712640
05-03-2025 21:10,C01,8.0,23.4,24576000
05-03-2025 21:10,C02,7.9,22.8,1242038272
05-03-2025 21:10,C03,7.9,23.5,1446510592
05-03-2025 21:10,C04,7.7,23.2,1170997248
05-03-2025 21:10,C08,8.4,23.4,-1461452800
05-03-2025 21:10,C09,7.8,23.1,732430336
05-03-2025 21:10,C10,8.7,22.9,-1463877632
05-03-2025 21:10,C11,8.6,22.3,-1131151360
05-03-2025 21:10,C12,8.0,22.9,1904017408
05-03-2025 21:10,C13,7.6,23.2,717291520
05-03-2025 21:10,C14,8.4,23.6,-1479081984
05-03-2025 21:10,C15,7.9,22.7,521076736
05-03-2025 21:10,C16,8.2,23.4,2035613696
05-03-2025 21:10,C17,7.8,22.8,475332608
05-03-2025 21:10,D01,7.9,23.1,1751187456
05-03-2025 21:10,D02,8.4,23.6,-1459879936
05-03-2025 21:10,D03,7.9,22.7,1105657856
05-03-2025 21:10,D04,7.8,23.3,1875509248
05-03-2025 21:10,D07,8.5,23.5,-1459879936
05-03-2025 21:10,D08,8.8,23.2,-1463812096
05-03-2025 21:10,D09,8.5,23.6,-1459879936
05-03-2025 21:10,D10,8.7,22.6,-1464205312
05-03-2025 21:10,D11,8.4,23.6,-1464008704
05-03-2025 21:10,D12,7.8,23.0,1652293632
05-03-2025 21:10,D14,7.7,23.6,1248133120
05-03-2025 21:10,D15,8.0,23.5,1966866432
05-03-2025 21:10,D16,7.3,23.5,612433920
05-03-2025 21:10,D17,5.8,23.6,1603010560
05-04-2025 08:08,C01,7.5,22.9,41811968
05-04-2025 08:08,C02,7.5,22.7,183173120
05-04-2025 08:08,C03,7.6,21.4,299433984
05-04-2025 08:08,C04,7.5,22.9,62586880
05-04-2025 08:08,C08,8.2,23.1,505937920
05-04-2025 08:08,C09,7.5,23.9,58654720
05-04-2025 08:08,C10,8.4,23.0,506200064
05-04-2025 08:08,C11,8.5,23.6,840105984
05-04-2025 08:08,C12,7.3,23.5,0
05-04-2025 08:08,C13,7.4,23.7,29884416
05-04-2025 08:08,C14,8.1,23.4,493092864
05-04-2025 08:08,C15,7.5,23.5,11141120
05-04-2025 08:08,C16,7.1,23.8,285868032
05-04-2025 08:08,C17,7.4,23.4,3276800
05-04-2025 08:08,D01,7.5,23.2,478019584
05-04-2025 08:08,D02,8.2,23.2,506462208
05-04-2025 08:08,D03,7.4,23.6,257294336
05-04-2025 08:08,D04,7.4,23.8,485687296
05-04-2025 08:08,D07,8.3,23.5,506527744
05-04-2025 08:08,D08,8.6,23.9,506527744
05-04-2025 08:08,D09,8.2,23.1,506527744
05-04-2025 08:08,D10,8.5,23.1,506527744
05-04-2025 08:08,D11,8.1,23.0,506396672
05-04-2025 08:08,D12,7.5,23.5,214958080
05-04-2025 08:09,D14,7.5,23.0,123994112
05-04-2025 08:09,D15,7.5,23.0,284164096
05-04-2025 08:09,D16,7.4,23.6,0
05-04-2025 08:09,D17,5.2,23.1,0
05-04-2025 08:09,D21,8.1,23.0,509280256
05-04-2025 08:09,D22,7.8,24.0,315162624
05-04-2025 08:09,D24,7.7,23.9,510656512
05-04-2025 08:10,E01,7.6,23.0,53542912
05-04-2025 08:10,E02,7.3,23.8,93716480
05-04-2025 08:10,E06,7.4,23.5,99483648
05-04-2025 08:10,E07,7.5,23.6,41287680
05-04-2025 08:10,E08,7.5,23.5,202637312
05-04-2025 08:10,E09,7.5,23.3,0
05-04-2025 08:10,E10,7.5,22.9,4259840
05-04-2025 08:10,E11,7.5,23.3,56426496
05-04-2025 08:10,E12,7.5,23.6,38404096
05-04-2025 08:10,E13,7.5,23.3,0
05-04-2025 08:10,E14,7.4,23.8,0
05-04-2025 08:10,I02,7.5,27.7,454230016
05-04-2025 08:10,I03,7.6,28.8,12124160
05-04-2025 08:10,X01,8.0,23.2,514981888
05-04-2025 08:10,X02,8.2,23.2,514981888
05-04-2025 08:10,X03,7.8,23.0,514916352
05-04-2025 08:10,X04,8.2,22.9,513998848
05-04-2025 08:25,C01,7.4,22.9,47382528
05-04-2025 08:25,C02,7.5,22.7,193069056
05-04-2025 08:25,C03,7.5,21.6,343474176
05-04-2025 08:25,C04,7.5,22.8,62586880
05-04-2025 08:25,C08,8.2,23.1,572063744
05-04-2025 08:25,C09,7.5,23.9,67698688
05-04-2025 08:25,C10,8.5,23.1,572325888
05-04-2025 08:25,C11,8.5,23.5,906231808
05-04-2025 08:25,C12,7.3,23.5,0
05-04-2025 08:25,C13,7.4,23.8,29884416
05-04-2025 08:25,C14,8.1,23.2,556793856
05-04-2025 08:25,C15,7.6,22.8,14286848
05-04-2025 08:25,C16,7.3,23.8,310378496
05-04-2025 08:25,C17,7.4,23.4,3276800
05-04-2025 08:25,D01,7.5,23.1,478019584
05-04-2025 08:25,D02,8.2,23.3,572522496
05-04-2025 08:25,D03,7.6,23.6,257294336
05-04-2025 08:25,D04,7.5,23.4,485687296
05-04-2025 08:25,D07,8.3,23.5,572588032
05-04-2025 08:25,D08,8.6,23.9,572653568
05-04-2025 08:25,D09,8.2,23.2,572653568
05-04-2025 08:25,D10,8.5,23.1,572719104
05-04-2025 08:25,D11,8.1,23.1,572588032
05-04-2025 08:25,D12,7.4,23.5,261095424
05-04-2025 08:26,D14,7.6,23.0,123994112
05-04-2025 08:26,D15,7.6,23.1,284164096
05-04-2025 08:26,D16,7.5,23.7,0
05-04-2025 08:26,D17,6.0,23.2,0
05-04-2025 08:26,D21,8.1,23.0,575602688
05-04-2025 08:26,D22,7.5,23.0,381419520
05-04-2025 08:26,D24,7.7,23.9,576978944
05-04-2025 08:27,E01,7.5,22.9,84672512
05-04-2025 08:27,E02,7.4,23.8,93716480
05-04-2025 08:27,E06,7.6,23.5,99483648
05-04-2025 08:27,E07,7.6,23.8,41287680
05-04-2025 08:27,E08,7.6,23.6,204603392
05-04-2025 08:27,E09,7.6,23.5,0
05-04-2025 08:27,E10,7.3,23.0,10551296
05-04-2025 08:27,E11,7.4,23.4,61341696
05-04-2025 08:27,E12,7.5,23.7,53411840
05-04-2025 08:27,E13,7.4,23.5,18874368
05-04-2025 08:27,E14,7.5,23.9,0
05-04-2025 08:27,I02,7.6,27.6,460455936
05-04-2025 08:27,I03,7.2,28.9,24510464
05-04-2025 08:27,X01,8.0,23.0,581173248
05-04-2025 08:27,X02,8.2,24.3,581173248
05-04-2025 08:27,X03,7.7,23.0,581107712
05-04-2025 08:27,X04,8.2,22.9,580190208
05-04-2025 08:31,C01,7.5,23.0,47382528
05-04-2025 08:31,C02,7.4,22.8,205914112
05-04-2025 08:31,C03,7.5,21.6,343474176
05-04-2025 08:31,C04,7.6,22.8,62586880
05-04-2025 08:31,C08,8.2,23.2,594477056
05-04-2025 08:31,C09,7.5,23.9,67698688
05-04-2025 08:31,C10,8.5,23.1,594739200
05-04-2025 08:31,C11,8.5,23.6,928579584
05-04-2025 08:31,C12,7.3,23.6,0
05-04-2025 08:31,C13,7.5,23.8,29884416
05-04-2025 08:31,C14,8.1,22.9,578748416
05-04-2025 08:31,C15,7.2,22.8,18546688
05-04-2025 08:31,C16,7.6,23.9,320471040
05-04-2025 08:31,C17,7.4,23.5,3276800
05-04-2025 08:31,D01,7.6,23.1,478019584
05-04-2025 08:31,D02,8.2,23.4,594804736
05-04-2025 08:31,D03,7.6,23.7,257294336
05-04-2025 08:31,D04,7.6,23.1,485687296
05-04-2025 08:31,D07,8.3,23.4,594804736
05-04-2025 08:31,D08,8.6,24.0,594870272
05-04-2025 08:31,D09,8.2,23.3,594870272
05-04-2025 08:31,D10,8.5,23.2,594870272
05-04-2025 08:31,D11,8.1,23.1,594673664
05-04-2025 08:31,D12,7.5,23.5,261095424
05-04-2025 08:31,D14,7.6,23.1,124518400
05-04-2025 08:31,D15,7.6,23.1,291962880
05-04-2025 08:31,D16,7.5,23.7,0
05-04-2025 08:31,D17,6.7,23.2,0
05-04-2025 08:31,D21,8.1,23.0,597491712
05-04-2025 08:31,D22,7.5,23.0,403308544
05-04-2025 08:32,D24,7.7,24.0,598867968
05-04-2025 08:32,E01,7.5,23.1,106561536
05-04-2025 08:32,E02,7.4,23.9,93716480
05-04-2025 08:32,E06,7.5,23.7,120520704
05-04-2025 08:32,E07,7.4,24.0,49741824
05-04-2025 08:32,E08,7.4,23.8,206897152
05-04-2025 08:32,E09,7.3,23.7,3932160
05-04-2025 08:32,E10,7.5,23.1,10551296
05-04-2025 08:32,E11,7.5,23.5,61341696
05-04-2025 08:32,E12,7.6,23.8,53411840
05-04-2025 08:32,E13,7.4,23.6,18874368
05-04-2025 08:32,E14,7.5,23.9,0
05-04-2025 08:33,I02,7.4,27.7,472514560
05-04-2025 08:33,I03,7.2,28.9,24510464
05-04-2025 08:33,X01,8.0,23.0,602865664
05-04-2025 08:33,X02,8.2,23.7,602865664
05-04-2025 08:33,X03,7.7,23.1,602734592
05-04-2025 08:33,X04,8.2,23.1,601817088
05-04-2025 08:40,C01,7.5,23.1,51511296
05-04-2025 08:40,C02,7.5,22.8,205914112
05-04-2025 08:40,C03,7.6,21.7,343474176
05-04-2025 08:40,C04,7.5,23.2,75628544
05-04-2025 08:40,C08,8.2,23.3,631767040
05-04-2025 08:40,C09,7.6,23.6,67698688
05-04-2025 08:40,C10,8.5,23.3,632029184
05-04-2025 08:40,C11,8.5,23.8,965869568
05-04-2025 08:40,C12,7.3,23.7,0
05-04-2025 08:40,C13,7.5,23.8,29884416
05-04-2025 08:40,C14,8.1,23.0,615251968
05-04-2025 08:40,C15,7.3,23.0,18546688
05-04-2025 08:40,C16,7.5,24.0,336855040
05-04-2025 08:40,C17,7.5,23.7,3276800
05-04-2025 08:40,D01,7.5,23.3,506068992
05-04-2025 08:40,D02,8.3,23.4,632160256
05-04-2025 08:40,D03,7.4,23.8,284360704
05-04-2025 08:40,D04,7.6,23.2,490668032
05-04-2025 08:40,D07,8.3,23.4,632225792
05-04-2025 08:40,D08,8.6,23.8,632225792
05-04-2025 08:40,D09,8.2,23.4,632225792
05-04-2025 08:40,D10,8.5,23.3,632225792
05-04-2025 08:40,D11,8.1,23.2,632029184
05-04-2025 08:40,D12,7.5,23.6,261095424
05-04-2025 08:41,D14,7.5,23.2,161873920
05-04-2025 08:41,D15,7.4,23.2,329318400
05-04-2025 08:41,D16,7.5,23.7,23265280
05-04-2025 08:41,D17,7.0,23.3,0
05-04-2025 08:41,D21,8.1,23.2,634912768
05-04-2025 08:41,D22,7.5,23.1,440664064
05-04-2025 08:41,D24,7.7,23.7,636223488
05-04-2025 08:45,C01,7.5,23.1,52297728
05-04-2025 08:45,C02,7.5,22.8,205914112
05-04-2025 08:45,C03,7.6,21.8,343474176
05-04-2025 08:45,C04,7.5,23.2,75628544
05-04-2025 08:45,C08,8.2,23.3,649723904
05-04-2025 08:45,C09,7.5,23.2,74448896
05-04-2025 08:45,C10,8.5,23.3,649986048
05-04-2025 08:45,C11,8.5,23.8,983826432
05-04-2025 08:45,C12,7.3,23.7,0
05-04-2025 08:45,C13,7.5,23.9,29884416
05-04-2025 08:45,C14,8.1,23.3,632225792
05-04-2025 08:45,C15,7.4,23.0,18546688
05-04-2025 08:45,C16,7.4,24.0,344326144
05-04-2025 08:45,C17,7.5,23.8,3276800
05-04-2025 08:45,D01,7.4,23.3,523960320
05-04-2025 08:45,D02,8.3,23.5,650117120
05-04-2025 08:45,D03,7.4,23.8,284491776
05-04-2025 08:45,D04,7.5,23.1,508624896
05-04-2025 08:45,D07,8.3,23.4,650117120
05-04-2025 08:45,D08,8.6,23.7,650117120
05-04-2025 08:45,D09,8.2,23.5,650117120
05-04-2025 08:45,D10,8.5,23.3,650117120
05-04-2025 08:45,D11,8.1,23.3,649920512
05-04-2025 08:45,D12,7.5,23.6,261095424
05-04-2025 08:45,D14,7.4,23.2,179830784
05-04-2025 08:45,D15,7.5,23.3,334102528
05-04-2025 08:45,D16,7.5,23.8,41156608
05-04-2025 08:45,D17,7.0,23.4,0
05-04-2025 08:46,D21,8.1,23.2,652804096
05-04-2025 08:46,D22,7.5,23.2,458555392
05-04-2025 08:46,D24,7.7,23.5,654114816
05-04-2025 08:47,E01,7.5,23.3,161808384
05-04-2025 08:47,E02,7.5,23.1,93716480
05-04-2025 08:47,E06,7.6,23.8,149094400
05-04-2025 08:47,E07,7.5,23.3,50069504
05-04-2025 08:47,E08,7.6,23.8,209321984
05-04-2025 08:47,E09,7.4,23.7,3932160
05-04-2025 08:47,E10,7.6,23.3,10551296
05-04-2025 08:47,E11,7.5,23.8,66191360
05-04-2025 08:47,E12,7.5,23.0,69533696
05-04-2025 08:47,E13,7.5,23.9,18874368
05-04-2025 08:47,E14,7.4,23.1,3670016
05-04-2025 08:47,I02,7.5,27.6,477822976
05-04-2025 08:47,I03,7.2,28.9,24510464
05-04-2025 08:47,X01,8.0,23.1,658178048
05-04-2025 08:47,X02,8.2,23.8,658178048
05-04-2025 08:47,X03,7.6,23.0,658046976
05-04-2025 08:47,X04,8.2,23.4,656801792
05-04-2025 09:09,C01,7.6,23.4,57737216
05-04-2025 09:09,C02,7.5,23.0,229572608
05-04-2025 09:09,C03,7.4,22.2,412811264
05-04-2025 09:09,C04,7.5,23.7,85262336
05-04-2025 09:09,C08,8.3,23.6,744488960
05-04-2025 09:09,C09,7.6,23.1,79626240
05-04-2025 09:09,C10,8.5,23.6,744816640
05-04-2025 09:09,C11,8.5,22.9,1078657024
05-04-2025 09:09,C12,7.4,24.0,0
05-04-2025 09:09,C13,7.5,22.9,36831232
05-04-2025 09:09,C14,8.1,23.2,724893696
05-04-2025 09:09,C15,7.6,23.2,18546688
05-04-2025 09:09,C16,7.8,23.0,390004736
05-04-2025 09:09,C17,7.5,24.0,6488064
05-04-2025 09:09,D01,7.6,23.4,536412160
05-04-2025 09:09,D02,8.3,23.8,745406464
05-04-2025 09:09,D03,7.6,23.3,284491776
05-04-2025 09:09,D04,7.5,23.4,567148544
05-04-2025 09:09,D07,8.3,23.7,745406464
05-04-2025 09:09,D08,8.6,23.1,745406464
05-04-2025 09:09,D09,8.3,23.6,745472000
05-04-2025 09:09,D10,8.6,23.6,745406464
05-04-2025 09:09,D11,8.2,23.5,745275392
05-04-2025 09:09,D12,7.4,23.9,327745536
05-04-2025 09:09,D14,7.5,23.5,190709760
05-04-2025 09:09,D15,7.5,23.6,356777984
05-04-2025 09:09,D16,7.5,23.9,103022592
05-04-2025 09:09,D17,7.4,23.7,0
05-04-2025 09:10,D21,8.1,23.5,748093440
05-04-2025 09:10,D22,7.5,23.5,553844736
05-04-2025 09:10,D24,7.7,23.1,749469696
05-04-2025 09:11,E01,7.4,23.7,257097728
05-04-2025 09:11,E02,7.5,24.0,111738880
05-04-2025 09:11,E06,7.5,23.5,220266496
05-04-2025 09:11,E07,7.4,23.9,59572224
05-04-2025 09:11,E08,7.4,23.6,216268800
05-04-2025 09:11,E09,7.3,23.3,7995392
05-04-2025 09:11,E10,7.5,23.7,18743296
05-04-2025 09:11,E11,7.5,23.5,71565312
05-04-2025 09:11,E12,7.6,23.8,88408064
05-04-2025 09:11,E13,7.5,23.0,34078720
05-04-2025 09:11,E14,7.5,23.6,7405568
05-04-2025 09:11,I02,7.4,27.7,501940224
05-04-2025 09:11,I03,7.3,29.0,24510464
05-04-2025 09:11,X01,8.1,23.2,753598464
05-04-2025 09:11,X02,8.3,23.4,753598464
05-04-2025 09:11,X03,7.5,23.2,753467392
05-04-2025 09:11,X04,8.3,23.4,751697920
05-04-2025 09:16,C01,7.5,23.5,62849024
05-04-2025 09:16,C02,7.5,23.1,229572608
05-04-2025 09:16,C03,7.4,22.3,424869888
05-04-2025 09:16,C04,7.5,23.7,85262336
05-04-2025 09:16,C08,8.3,23.6,771883008
05-04-2025 09:16,C09,7.6,23.1,79691776
05-04-2025 09:16,C10,8.5,23.6,772276224
05-04-2025 09:16,C11,8.5,22.8,1106051072
05-04-2025 09:16,C12,7.3,23.6,0
05-04-2025 09:16,C13,7.4,23.0,50462720
05-04-2025 09:16,C14,8.1,23.7,751501312
05-04-2025 09:16,C15,7.2,23.3,25886720
05-04-2025 09:16,C16,7.3,23.0,404357120
05-04-2025 09:16,C17,7.4,23.3,8519680
05-04-2025 09:16,D01,7.6,23.5,539099136
05-04-2025 09:16,D02,8.3,23.7,772341760
05-04-2025 09:16,D03,7.6,23.1,291110912
05-04-2025 09:16,D04,7.5,23.5,567148544
05-04-2025 09:16,D07,8.3,23.8,772341760
05-04-2025 09:16,D08,8.6,23.0,772407296
05-04-2025 09:16,D09,8.3,23.8,772407296
05-04-2025 09:16,D10,8.6,23.5,772341760
05-04-2025 09:16,D11,8.2,23.6,772210688
05-04-2025 09:16,D12,7.5,23.9,342360064
05-04-2025 09:16,D14,7.6,23.5,190709760
05-04-2025 09:16,D15,7.4,23.6,383713280
05-04-2025 09:16,D16,7.5,23.0,130023424
05-04-2025 09:16,D17,7.6,23.7,0
05-04-2025 09:17,D21,8.2,23.6,775028736
05-04-2025 09:17,D22,7.6,23.5,580780032
05-04-2025 09:17,D24,7.7,23.2,776404992
05-04-2025 09:18,E01,7.4,23.8,284033024
05-04-2025 09:18,E02,7.5,23.9,111738880
05-04-2025 09:18,E06,7.4,23.5,239075328
05-04-2025 09:18,E07,7.5,23.1,59572224
05-04-2025 09:18,E08,7.3,23.8,218497024
05-04-2025 09:18,E09,7.4,23.6,7995392
05-04-2025 09:18,E10,7.6,23.8,18743296
05-04-2025 09:18,E11,7.4,23.6,76677120
05-04-2025 09:18,E12,7.5,23.9,100925440
05-04-2025 09:18,E13,7.6,23.3,37158912
05-04-2025 09:18,E14,7.6,23.8,7405568
05-04-2025 09:18,I02,7.5,27.7,501940224
05-04-2025 09:18,I03,7.3,29.0,24510464
05-04-2025 09:18,X01,8.1,23.1,780402688
05-04-2025 09:18,X02,8.3,23.8,780402688
05-04-2025 09:18,X03,7.5,23.3,780271616
05-04-2025 09:18,X04,8.3,24.3,778436608
